id,  carnet,  nombre,  fecha de nacimiento,  genero
151,  201733721,  Jose Pflieger,  30/06/1991,  M
,  201866922,  Tallulah Digges,  02/06/1996,  F
153,  202064851,  Kennie Potkin,  25/05/1992,  M
154,  201956513,  Simone Risson,  20/11/1995,  
155,  201911488,  Oliver Try,  15/01/1992,  R
,  202003043,  Alene Schwieso,  09/11/1994,  F
157,  201958177,  Eolanda Deverill,  18/04/1996,  F
158,  ,  Peggie Dwire,  24/03/1996,  F
159,  201876302,  Saba Mowat,  06/07/1998,  F
70,  201853783,  Jonell Watters,  08/04/1999,  F
,  201778595,  Mattias Polack,  22/01/1995,  M
error,  201960049,  Alvira Victor,  10/02/1996,  F
73,  202037807,  Rollins Mayger,  29/01/1992,  M
74,  202007303,  Oswell Bunkle,  01/05/1992,  
75,  201948178,  Ruthy Canavan,  19/10/1996,  F
76,  hola,  Andi Laws,  09/04/1998,  F
68,  201813919,  Penn Bront,  20/09/1990,  M
78,  201933118,  Maison Bootland,  06/04/1999,  M
79,  201867061,  Zarla Alders,  23/06/1992,  F
,  201983175,  Piotr Crann,  25/05/2000,  M
161,  201736378,  Roxanna Crepel,  10/09/1996,  F
162,  202021250,  Brennan Charity,  24/11/1998,  
163,  202099814,  Amery Avrahamy,  12/08/1999,  M
164,  201797441,  Wyndham Salsberg,  26/01/1992,  M
165,  202038582,  Leslie MacNeilley,  26/07/1998,  M
166,  202038538,  Gallagher Rylett,  16/01/1993,  M
,  201944945,  Hurley Kohtler,  03/10/1995,  M
168,  201738830,  Emelyne Sebborn,  25/02/1994,  F
169,  201796730,  Shauna enzley,  31/05/2000,  F
170,  202006398,  Jacqueline Dabrowski,  18/04/1995,  F
171A,  201896063,  Wally Dewen,  19/10/1998,  F
172,  201923743,  Hannie Till,  09/07/1998,  F
173,  201769397,  Mattias Mieville,  31/01/1990,  M
174/,  201834136,  Ancell McGaraghan,  22/04/1992,  M
175,  |201855938,  Risa Tunnicliffe,  13/03/1995,  U
176,  201993855,  Derward Normavill,  09/09/1991,  
177,  201845233,  Denver Muttitt,  07/04/1996,  M
,  202099082,  Maia Fend,  31/10/1995,  F
,  202087990,  Yurik Roubeix,  18/11/1992,  M
180,  201932819,  Murielle Zavattiero,  18/02/1991,  F
181,  201740296,  Paton Cully,  03/02/1991,  M
182,  201985169,  Claudine Endean,  04/02/1994,  F
183,  201929392,  Irvin Blacker,  02/09/1996,  M
184,  201797602$,  Marty Scutter,  24/08/1991,  F
,  201770071,  Babette Micheau,  26/11/1992,  F
186,  201888126,  Cherise Hatje,  22/09/1996,  F
187,  202037124,  Jerrie Ballam,  27/08/1997,  F
188%,  201955991,  Abby Kinsey,  10/07/1996,  M
196,  201721365,  Rodney Churchard,  18/05/1990,  M
197,  ,  Sherline Hardaway,  02/01/1993,  F
198,  201731665,  Ilyse Raubheim,  28/11/1996,  F
199,  202002135,  Phillip Pettengell,  16/10/1999,  M
200,  202078128,  Dulsea Kenderdine,  28/07/1995,  
18 ,  201780866,  Shaw Baribal,  18/02/1992,  M
19,  202015586,  Erastus Drummond,  17/06/1994,  M
,  201971095,  Persis Carville,  11/01/2000,  F
21,  201834908,  Cecilla Eberz,  05/05/1994,  F
22,  202080002,  Lindsy Cordingley,  24/03/1994,  F
,  201916332,  Stefa McPake,  27/06/1995,  F
24,  202023940,  Thekla Harriot,  12/10/1997,  F
25,  201733150,  Bernadette O'Dreain,  11/02/2000,  F
26,  ,  Buckie Veel,  14/06/1995,  M
27,  B,  Kin Attrey,  23/05/1999,  M
28,  201869970,  Rossie Ulrik,  22/12/1996,   
29  ,  201733426,  Allsun Bucknall,  04/01/1998,  F
30,  201810890,  Kordula Arkcoll,  13/09/1991,  F
,  202031195,  June Bianco,  02/10/1996,  F
189,  201832336,  Stern Heenan,  18/04/1991,  M
190,  201751657,  Shannon Shrieve,  18/06/1991,  M
191,  201868420,  Hadlee Bendle,  07/03/1994,  M
192,  201826795,  Willy Babe,  14/12/1993,  F
193,  202004213,  Candace O'Flannery,  26/07/1990,  F
194,  201737554,  Carolus Wauchope,  18/11/1995,  M
195,  201973939,  Phylis Niche,  08/12/1995,  F
32,  201767553,  Kelsey Sherar,  11/02/1993,  M
33,  202059135,  Gwenny Stace,  15/04/1996,  F
34,  >,  Alida Breens,  10/08/1990,  F
35,  201998710,  Nita Wolsey,  12/12/1990,  F
,  202057344,  Tonie Haime,  19/04/1999,  F
37,  202071793,  Randi Boxhill,  08/04/1998,  M
38,  202027725,  Kendra Frany,  30/06/1993,  Y
39,  A,  Benton Ringham,  19/04/1994,  M
40,  202072198,  Jill Moodey,  21/01/2000,   
41,  201998390,  Abra Harmston,  29/04/1994,  F
#,  201840357,  Nerita Stratford,  27/12/1996,  F
43,  201737316,  Cathie Wardington,  25/05/1992,  F
44,  201992792,  Hercules Halsey,  18/11/1991,  M
45,  201837165,  Billie Damiral,  08/11/1995,  M
46,  ,  Ashley Kennerknecht,  29/04/1994,  F
87,  201737849,  Guenna Josephov,  10/05/1991,  F
88,  mundo,  Petunia Sworn,  11/11/1997,  F
89,  202093713,  Sarge Joppich,  01/10/1991,  M
90,  201995642,  Taylor Wilcott,  26/05/1995,  M
91,  {201935067},  Sela Evequot,  10/09/1999,  F
92,  201775353,  Perry Shoebotham,  08/05/2000,  M
,  202027150,  Gail Roundtree,  12/01/1994,  M
94,  201865601,  Tami Duchasteau,  08/02/1993,  F
,  201833222,  Colline Matussov,  14/12/1992,  F
96,  202034603,  Debby Andrivot,  14/03/1996,  F
97,  201708585,  Maire Phizakarley,  13/10/1995,  F
3 ,  201858237,  Cecil Beckingham,  07/10/1992,  F
47,  201935521,  Nadeen Caton,  29/06/1990,  F
48,  202023773,  Delaney Giroldi,  07/12/1993,  M
,  201795506,  Adan Paur,  05/07/1995,  M
,  201982520,  Freemon Letten,  02/12/1997,  M
1  ,  202084318,  Leighton O'Hannay,  04/10/1997,  M
2  ,  201869970,  Salem Marrison,  17/06/1990,  M
85,  202078506,  Carny Boow,  03/08/1997,  M
86,  201895357,  Danna Kinnie,  18/07/1992,  F
,  201856949,  Malory Spykings,  20/03/1997,  F
/,  201767540,  Row Lancett,  08/04/1991,  F
6,  201977864,  Grier Vickars,  30/09/1999,  F
7,  201817085,  Chic Oattes,  27/07/1999,  M
8,  201980519,  Daphna Spanton,  15/03/1995,  F
9,  201834873,  Whittaker Hamshaw,  28/09/1998,  M
,  201793297,  Aurie Clemmensen,  04/05/1998,  F
11    ,  201954246,  Dane Fawltey,  21/05/1998,  H
12,  ,  Cody Gerardin,  09/05/1997,  M
13,  201789150,  Anneliese Dowbiggin,  17/03/2000,   
14 ,  201926315,  Henderson Feaks,  15/04/1998,  G
15,  201731252,  Gherardo Boothe,  14/03/1995,  M
16,  202071793,  Hyacinthe Monsey,  15/09/1992,  F
17,  201990350,  Barclay Sedcole,  16/02/1998,  M
51,  201767553,  Janey Birtwistle,  12/07/1991,  F
52   ,  201937148,  Shep Dawkins,  03/12/1990,  M
53,  201968397,  Dex O'Brian,  22/02/1992,  M
54,  201967976,  Lindsy Dakers,  12/04/1993,  F
55 ,  201925674,  Nobe Dutnell,  07/08/1998,  M
56,  202036945,  Duane Ludewig,  21/08/1999,  M
57,  202019693,  Berry Chape,  18/07/1995,  F
58,  202054898,  Iosep Brierly,  23/12/1999,  M
59 ,  carnet,  Erny Fones,  03/09/1996,  M
60,  202066551,  Frayda Skiplorne,  01/04/1998,  F
61,  201968952,  Consalve Abbys,  29/08/1997,  M
62,  201893771,  Morlee Cowins,  06/03/1990,  M
63  ,  201893695,  Elianora Obin,  15/03/1992,  F
.,  201710002,  Nealon Allsepp,  11/04/1993,  M
65,  201979801,  Philipa Ladon,  22/04/1997,  F
66,  =,  Xylina Martynka,  28/06/1991,  F
56,  201938505,  Halie Sheering,  29/05/1995,  F
68,  201849210,  Dickie Jirsa,  09/09/1993,  M
69,  201932838,  Krissie Quickfall,  24/04/1990,  U
,  201871215,  Milli Neylan,  07/04/1990,  F
81,  201991142,  Raddy Moscrop,  17/03/1996,  M
82,  201897997,  Georas Inger,  04/02/1990,  M
,  202014840,  Rozanna Staines,  10/04/1990,  F
84,  202022811,  Cornie Philbin,  30/08/1999,  F
error,  201844007,  Ryley Jordi,  30/05/1994,  M
99,  201743646,  Lesli Plumbley,  02/07/1991,  F
100,  201815204,  Burg Roughley,  16/12/1996,  M
101,  201991853,  Herold Lillow,  07/01/1994,  M
102,  201723174,  Jerrilyn Nobriga,  21/04/1994,  F
103,  201918798,  Town Acuna,  24/03/1991,  M
,  201755673,  Laverna Gormley,  01/03/1992,  F
id,  201787431,  Trefor Jedrychowski,  18/01/1990,  M
106,  202050967,  Mickie Cowing,  18/10/1998,  M
107,  201705327,  Chelsae Zannetti,  18/06/1996,  F
108,  201791153,  Selig Hartfleet,  26/06/1994,  M
109,  201734426,  Rodolphe Grew,  10/12/1990,  M
110,  201800851,  Billy Roberts,  24/01/1990,  M
,  201797053,  Anstice Fallon,  22/06/1994,  F
128,  201711163,  Sonnie Malthus,  13/06/1991,  F
129,  201874580,  Johnny Kuhnwald,  08/09/1995,  M
130,  202048141,  Miles Patmore,  30/08/1997,  M
131,  201736396,  Morey Abercrombie,  27/09/1991,  M
136,  201967275,  Madelin Humpherson,  14/05/1994,  F
137,  201823831,  Vittorio Headech,  12/03/2000,  M
138,  202092024,  Wright Chainey,  30/11/1993,  M
139,  201882901,  Sandy Halls,  26/12/1998,  M
140,  201951107,  Leela Becarra,  08/09/1991,  F
112,  201760937,  Angy Gundrey,  01/01/1997,  F
113,  201817561,  Chloris Nisby,  11/06/1997,  F
114,  202012396,  Vladimir Hanley,  22/11/1998,  M
141,  201922792,  Bernarr Bexley,  21/11/1994,  M
142,  201926139,  Clem Bradwell,  01/07/1992,  F
143,  201843635,  Tristam Ronci,  02/05/1995,  M
144,  201835976,  Dionis Belvard,  28/11/1992,  F
145,  201874943,  Roselle Millin,  16/04/1995,  F
,  201845649,  Shalne Beekmann,  11/07/1998,  F
147,  201981597,  Heinrick Rawlison,  25/09/1999,  M
132,  201806585,  Marjory Hilling,  02/08/1993,  F
133,  201959851,  Ed Baxendale,  29/08/1996,  M
134,  201863417,  Pyotr Burns,  18/08/1997,  M
135,  201877237,  Yorker Gateley,  23/12/1991,  M
148,  201757771,  Anallise Westcarr,  18/09/1997,  F
149,  202025050,  Cesar Tuck,  02/06/1995,  M
150,  201872957,  Josiah Baumber,  02/12/1992,  M
115,  201801335,  Leupold Surcomb,  25/08/1992,  M
116,  202033528,  Ashien Whitecross,  30/08/1996,  F
117,  201949918,  Agnella Ruse,  29/03/1992,  F
118,  201778478,  Clo Dimnage,  15/03/2000,  F
,  201917274,  Hugibert Bein,  11/07/1997,  M
120,  202096820,  Jordana Fante,  26/10/1990,  F
121,  201912642,  Von Thireau,  14/07/1996,  M
122,  201904355,  Obie Jaggard,  26/08/1990,  M
123,  201894967,  Kristian Hamerton,  22/10/1993,  M
124,  201774509,  Parke Fedynski,  22/02/1992,  M
125,  202056027,  Kaia Vasin,  27/07/1997,  F
126,  201806842,  Austine MacCurtain,  29/12/1999,  F
127,  201978088,  Atlante Tigner,  21/08/1992,  F
